,anomaly,line_id,y_pred_train,anomaly_score_train
0,1,105_dnm_tmp_NlZyB#sum_iUserNum_300#20190623_16Days_valid14D,0,0.02069325468511757
1,1,105_dnm_tmp_NlZyB#sum_iUserNum_300#20190623_16Days_valid14D,0,0.02069325468511757
2,1,105_dnm_tmp_NlZyB#sum_iUserNum_300#20190623_16Days_valid14D,0,0.41574932436744744
3,1,105_dnm_tmp_NlZyB#sum_iUserNum_300#20190623_16Days_valid14D,0,0.41574932436744744
4,1,105_dnm_tmp_NlZyB#sum_iUserNum_300#20190623_16Days_valid14D,0,0.02515223961505873
5,1,105_dnm_tmp_NlZyB#sum_iUserNum_300#20190623_16Days_valid14D,0,0.4594976710568819
6,1,105_dnm_tmp_NlZyB#sum_iUserNum_300#20190623_16Days_valid14D,0,0.4594976710568819
7,1,105_dnm_tmp_NlZyB#sum_iUserNum_300#20190623_16Days_valid14D,0,0.009005160823649053
8,1,105_dnm_tmp_NlZyB#sum_iUserNum_300#20190623_16Days_valid14D,0,0.007976246410626596
9,1,105_dnm_tmp_NlZyB#sum_iUserNum_300#20190623_16Days_valid14D,0,0.00687569785852888
10,1,105_dnm_tmp_NlZyB#sum_iUserNum_300#20190623_16Days_valid16D,0,0.02069325468511757
11,1,105_dnm_tmp_NlZyB#sum_iUserNum_300#20190623_16Days_valid16D,0,0.02069325468511757
12,1,105_dnm_tmp_NlZyB#sum_iUserNum_300#20190623_16Days_valid16D,0,0.41574932436744744
13,1,105_dnm_tmp_NlZyB#sum_iUserNum_300#20190623_16Days_valid16D,0,0.41574932436744744
14,1,105_dnm_tmp_NlZyB#sum_iUserNum_300#20190623_16Days_valid16D,0,0.02515223961505873
15,1,105_dnm_tmp_NlZyB#sum_iUserNum_300#20190623_16Days_valid16D,0,0.4594976710568819
16,1,105_dnm_tmp_NlZyB#sum_iUserNum_300#20190623_16Days_valid16D,0,0.4594976710568819
17,1,105_dnm_tmp_NlZyB#sum_iUserNum_300#20190623_16Days_valid16D,0,0.009005160823649053
18,1,105_dnm_tmp_NlZyB#sum_iUserNum_300#20190623_16Days_valid16D,0,0.007976246410626596
19,1,105_dnm_tmp_NlZyB#sum_iUserNum_300#20190623_16Days_valid16D,0,0.00687569785852888
20,1,105_dnm_tmp_NlZyB#sum_iUserNum_300#20190623_16Days_valid16D,0,0.01949234952186707
21,1,105_dnm_tmp_NlZyB#sum_iUserNum_300#20190623_16Days_valid16D,0,0.3191080217673127
22,1,105_dnm_tmp_NlZyB#sum_iUserNum_300#20190623_16Days_valid16D,0,0.2473408730092452
23,1,105_dnm_tmp_NlZyB#sum_iUserNum_300#20190624_16Days_valid14D,0,0.02420747081372899
24,1,105_dnm_tmp_NlZyB#sum_iUserNum_300#20190624_16Days_valid14D,0,0.41574932436744744
25,1,105_dnm_tmp_NlZyB#sum_iUserNum_300#20190624_16Days_valid14D,0,0.41574932436744744
26,1,105_dnm_tmp_NlZyB#sum_iUserNum_300#20190624_16Days_valid14D,0,0.02515223961505873
27,1,105_dnm_tmp_NlZyB#sum_iUserNum_300#20190624_16Days_valid14D,0,0.4594976710568819
28,1,105_dnm_tmp_NlZyB#sum_iUserNum_300#20190624_16Days_valid14D,0,0.4594976710568819
29,0,105_dnm_tmp_NlZyB#sum_iUserNum_300#20190624_16Days_valid14D,1,0.6468965278876777
30,1,105_dnm_tmp_NlZyB#sum_iUserNum_300#20190624_16Days_valid14D,0,0.01238318373617436
31,1,105_dnm_tmp_NlZyB#sum_iUserNum_300#20190624_16Days_valid14D,0,0.007643947156828255
32,1,105_dnm_tmp_NlZyB#sum_iUserNum_300#20190624_16Days_valid14D,0,0.007643947156828255
33,1,105_dnm_tmp_NlZyB#sum_iUserNum_300#20190624_16Days_valid16D,0,0.02420747081372899
34,1,105_dnm_tmp_NlZyB#sum_iUserNum_300#20190624_16Days_valid16D,0,0.41574932436744744
35,1,105_dnm_tmp_NlZyB#sum_iUserNum_300#20190624_16Days_valid16D,0,0.41574932436744744
36,1,105_dnm_tmp_NlZyB#sum_iUserNum_300#20190624_16Days_valid16D,0,0.02515223961505873
37,1,105_dnm_tmp_NlZyB#sum_iUserNum_300#20190624_16Days_valid16D,0,0.4594976710568819
38,1,105_dnm_tmp_NlZyB#sum_iUserNum_300#20190624_16Days_valid16D,0,0.4594976710568819
39,0,105_dnm_tmp_NlZyB#sum_iUserNum_300#20190624_16Days_valid16D,1,0.6468965278876777
40,1,105_dnm_tmp_NlZyB#sum_iUserNum_300#20190624_16Days_valid16D,0,0.01238318373617436
41,1,105_dnm_tmp_NlZyB#sum_iUserNum_300#20190624_16Days_valid16D,0,0.007643947156828255
42,1,105_dnm_tmp_NlZyB#sum_iUserNum_300#20190624_16Days_valid16D,0,0.007643947156828255
43,1,105_dnm_tmp_NlZyB#sum_iUserNum_300#20190624_16Days_valid16D,0,0.01420422348063194
44,1,105_dnm_tmp_NlZyB#sum_iUserNum_300#20190624_16Days_valid16D,0,0.03011490969866376
45,1,105_dnm_tmp_NlZyB#sum_iUserNum_300#20190624_16Days_valid16D,0,0.03011490969866376
46,1,706_cfm_online#set_id=1#sum_usernum_300#20190529_16Days_valid10D,0,0.2753022735822429
47,1,706_cfm_online#set_id=1#sum_usernum_300#20190529_16Days_valid10D,0,0.17174821263812648
48,1,706_cfm_online#set_id=1#sum_usernum_300#20190529_16Days_valid10D,0,0.17725107787199174
49,1,706_cfm_online#set_id=1#sum_usernum_300#20190529_16Days_valid10D,0,0.005679711477309482
50,1,706_cfm_online#set_id=1#sum_usernum_300#20190529_16Days_valid10D,0,0.005679711477309482
51,1,706_cfm_online#set_id=1#sum_usernum_300#20190529_16Days_valid10D,0,0.005754451547584282
52,1,706_cfm_online#set_id=1#sum_usernum_300#20190529_16Days_valid10D,0,0.005958735568587515
53,1,706_cfm_online#set_id=1#sum_usernum_300#20190620_16Days_valid10D,0,0.019645282414042797
54,1,706_cfm_online#set_id=1#sum_usernum_300#20190620_16Days_valid10D,0,0.017704471076624317
55,1,706_cfm_online#set_id=1#sum_usernum_300#20190620_16Days_valid10D,0,0.4097021360024555
56,1,706_cfm_online#set_id=1#sum_usernum_300#20190620_16Days_valid10D,0,0.37261194689273547
57,1,706_cfm_online#set_id=1#sum_usernum_300#20190620_16Days_valid10D,0,0.2634223025805703
58,1,706_cfm_online#set_id=1#sum_usernum_300#20190620_16Days_valid14D,0,0.019645282414042797
59,1,706_cfm_online#set_id=1#sum_usernum_300#20190620_16Days_valid14D,0,0.017704471076624317
60,1,706_cfm_online#set_id=1#sum_usernum_300#20190620_16Days_valid14D,0,0.4097021360024555
61,1,706_cfm_online#set_id=1#sum_usernum_300#20190620_16Days_valid14D,0,0.37261194689273547
62,1,706_cfm_online#set_id=1#sum_usernum_300#20190620_16Days_valid14D,0,0.2634223025805703
63,1,706_cfm_online#set_id=1#sum_usernum_300#20190620_16Days_valid14D,0,0.015305594132959779
64,1,706_cfm_online#set_id=1#sum_usernum_300#20190620_16Days_valid14D,0,0.007255330211187485
65,1,706_cfm_online#set_id=1#sum_usernum_300#20190620_16Days_valid14D,0,0.006005023220429136
66,0,706_cfm_online#set_id=1#sum_usernum_300#20190620_16Days_valid14D,1,0.6759119795389638
67,1,706_cfm_online#set_id=1#sum_usernum_300#20190624_16Days_valid16D,0,0.36202804220904083
68,1,706_cfm_online#set_id=1#sum_usernum_300#20190624_16Days_valid16D,0,0.022361433397223768
69,1,706_cfm_online#set_id=1#sum_usernum_300#20190624_16Days_valid16D,0,0.02217581285413838
70,1,706_cfm_online#set_id=1#sum_usernum_300#20190624_16Days_valid16D,0,0.4622686336056094
71,1,706_cfm_online#set_id=1#sum_usernum_300#20190624_16Days_valid16D,0,0.4900416849603276
72,1,706_cfm_online#set_id=1#sum_usernum_300#20190624_16Days_valid16D,0,0.3325771472413544
73,1,706_cfm_online#set_id=2#sum_usernum_300#20190612_16Days_valid14D,0,0.0038064516117908573
74,1,706_cfm_online#set_id=2#sum_usernum_300#20190612_16Days_valid14D,0,0.0023233022471810514
75,1,706_cfm_online#set_id=2#sum_usernum_300#20190612_16Days_valid14D,0,0.021470414650575132
76,1,706_cfm_online#set_id=2#sum_usernum_300#20190612_16Days_valid14D,0,0.021470414650575132
77,1,706_cfm_online#set_id=2#sum_usernum_300#20190612_16Days_valid14D,0,0.01919954102677339
78,1,706_cfm_online#set_id=2#sum_usernum_300#20190612_16Days_valid14D,0,0.34457763027721705
79,1,706_cfm_online#set_id=2#sum_usernum_300#20190612_16Days_valid14D,0,0.43477281361211356
80,1,706_cfm_online#set_id=2#sum_usernum_300#20190620_16Days_valid10D,0,0.01467175898003289
81,1,706_cfm_online#set_id=2#sum_usernum_300#20190620_16Days_valid10D,0,0.022556999075017802
82,1,706_cfm_online#set_id=2#sum_usernum_300#20190620_16Days_valid10D,0,0.2821330226839777
83,1,706_cfm_online#set_id=2#sum_usernum_300#20190620_16Days_valid10D,0,0.18020963625344047
84,1,706_cfm_online#set_id=2#sum_usernum_300#20190620_16Days_valid14D,0,0.01467175898003289
85,1,706_cfm_online#set_id=2#sum_usernum_300#20190620_16Days_valid14D,0,0.022556999075017802
86,1,706_cfm_online#set_id=2#sum_usernum_300#20190620_16Days_valid14D,0,0.2821330226839777
87,1,706_cfm_online#set_id=2#sum_usernum_300#20190620_16Days_valid14D,0,0.18020963625344047
88,1,706_cfm_online#set_id=2#sum_usernum_300#20190620_16Days_valid14D,0,0.015322317571632747
89,1,706_cfm_online#set_id=2#sum_usernum_300#20190620_16Days_valid14D,0,0.015322317571632747
90,1,706_cfm_online#set_id=2#sum_usernum_300#20190620_16Days_valid14D,0,0.015322317571632747
91,1,706_cfm_online#set_id=2#sum_usernum_300#20190620_16Days_valid14D,0,0.034907399438859024
92,1,706_cfm_online#set_id=2#sum_usernum_300#20190620_16Days_valid14D,0,0.015966808740428436
93,1,706_cfm_online#set_id=2#sum_usernum_300#20190620_16Days_valid14D,0,0.016666755199319858
94,0,706_cfm_online#set_id=2#sum_usernum_300#20190620_16Days_valid14D,1,0.6665892069216866
95,1,706_cfm_online#set_id=3#sum_usernum_300#20190602_16Days_valid14D,0,0.022484156898924666
96,1,706_cfm_online#set_id=3#sum_usernum_300#20190602_16Days_valid14D,0,0.01048601519108661
97,1,706_cfm_online#set_id=3#sum_usernum_300#20190602_16Days_valid14D,0,0.01048601519108661
98,1,706_cfm_online#set_id=3#sum_usernum_300#20190602_16Days_valid14D,0,0.004207948396158765
99,1,706_cfm_online#set_id=3#sum_usernum_300#20190602_16Days_valid14D,0,0.0031964088463748903
100,1,706_cfm_online#set_id=3#sum_usernum_300#20190602_16Days_valid14D,0,0.0031964088463748903
101,1,706_cfm_online#set_id=3#sum_usernum_300#20190602_16Days_valid14D,0,0.015177666171008101
102,1,706_cfm_online#set_id=3#sum_usernum_300#20190602_16Days_valid14D,0,0.007567133199839264
103,1,706_cfm_online#set_id=3#sum_usernum_300#20190602_16Days_valid14D,0,0.007567133199839264
104,1,706_cfm_online#set_id=3#sum_usernum_300#20190602_16Days_valid14D,0,0.029392754730143245
105,1,706_cfm_online#set_id=3#sum_usernum_300#20190602_16Days_valid14D,0,0.3335949126463841
106,1,706_cfm_online#set_id=3#sum_usernum_300#20190602_16Days_valid14D,0,0.3335949126463841
107,1,706_cfm_online#set_id=3#sum_usernum_300#20190602_16Days_valid14D,0,0.007011259959074443
108,1,706_cfm_online#set_id=3#sum_usernum_300#20190602_16Days_valid14D,0,0.006125354214981951
109,1,706_cfm_online#set_id=3#sum_usernum_300#20190602_16Days_valid14D,0,0.006125354214981951
110,1,706_cfm_online#set_id=3#sum_usernum_300#20190602_16Days_valid14D,0,0.015121176615207989
111,1,706_cfm_online#set_id=3#sum_usernum_300#20190602_16Days_valid14D,0,0.0075387523562313865
112,0,706_cfm_online#set_id=3#sum_usernum_300#20190602_16Days_valid14D,1,0.707006568898988
113,0,706_cfm_online#set_id=3#sum_usernum_300#20190602_16Days_valid14D,1,0.8484247724188568
114,1,706_cfm_online#set_id=3#sum_usernum_300#20190605_16Days_valid12D,0,0.21055023215561133
115,0,706_cfm_online#set_id=3#sum_usernum_300#20190605_16Days_valid12D,1,0.9016747668120534
116,1,706_cfm_online#set_id=3#sum_usernum_300#20190605_16Days_valid12D,0,0.01505075949458733
117,1,706_cfm_online#set_id=3#sum_usernum_300#20190605_16Days_valid12D,0,0.010979289710198141
118,1,706_cfm_online#set_id=3#sum_usernum_300#20190605_16Days_valid12D,0,0.47223261733612926
119,1,706_cfm_online#set_id=3#sum_usernum_300#20190609_16Days_valid14D,0,0.4455756126928118
120,1,706_cfm_online#set_id=3#sum_usernum_300#20190609_16Days_valid14D,0,0.0298525525689805
121,1,706_cfm_online#set_id=3#sum_usernum_300#20190609_16Days_valid14D,0,0.019831956731653583
122,1,706_cfm_online#set_id=3#sum_usernum_300#20190609_16Days_valid14D,0,0.019831956731653583
123,1,706_cfm_online#set_id=3#sum_usernum_300#20190609_16Days_valid14D,0,0.014236488738174775
124,1,706_cfm_online#set_id=3#sum_usernum_300#20190609_16Days_valid14D,0,0.014841735855967606
125,1,706_cfm_online#set_id=3#sum_usernum_300#20190609_16Days_valid14D,0,0.3335949126463841
126,1,706_cfm_online#set_id=3#sum_usernum_300#20190609_16Days_valid14D,0,0.4073985622892865
127,1,706_cfm_online#set_id=3#sum_usernum_300#20190616_16Days_valid12D,0,0.015121176615207989
128,1,706_cfm_online#set_id=3#sum_usernum_300#20190616_16Days_valid12D,0,0.015121176615207989
129,1,706_cfm_online#set_id=3#sum_usernum_300#20190616_16Days_valid12D,0,0.015121176615207989
130,1,706_cfm_online#set_id=3#sum_usernum_300#20190616_16Days_valid12D,0,0.009741279801986937
131,1,706_cfm_online#set_id=3#sum_usernum_300#20190616_16Days_valid12D,0,0.01505075949458733
132,1,706_cfm_online#set_id=3#sum_usernum_300#20190616_16Days_valid12D,0,0.01967191447466058
133,1,706_cfm_online#set_id=3#sum_usernum_300#20190616_16Days_valid12D,0,0.3335949126463841
134,1,706_cfm_online#set_id=3#sum_usernum_300#20190616_16Days_valid12D,0,0.48793427101786135
135,1,706_cfm_online#set_id=4#sum_usernum_300#20190609_16Days_valid14D,0,0.0298525525689805
136,1,706_cfm_online#set_id=4#sum_usernum_300#20190609_16Days_valid14D,0,0.019831956731653583
137,1,706_cfm_online#set_id=4#sum_usernum_300#20190609_16Days_valid14D,0,0.019831956731653583
138,1,706_cfm_online#set_id=4#sum_usernum_300#20190609_16Days_valid14D,0,0.02817731545896639
139,1,706_cfm_online#set_id=4#sum_usernum_300#20190609_16Days_valid14D,0,0.011545052507714784
140,1,706_cfm_online#set_id=4#sum_usernum_300#20190609_16Days_valid14D,0,0.011545052507714784
141,1,706_cfm_online#set_id=4#sum_usernum_300#20190609_16Days_valid14D,0,0.4424347992303303
142,1,706_cfm_online#set_id=4#sum_usernum_300#20190609_16Days_valid14D,0,0.016467256846092262
143,1,706_cfm_online#set_id=4#sum_usernum_300#20190609_16Days_valid14D,0,0.12018208626926011
144,1,706_cfm_online#set_id=4#sum_usernum_300#20190609_16Days_valid14D,0,0.45469862280068774
145,1,706_cfm_online#set_id=4#sum_usernum_300#20190609_16Days_valid14D,0,0.30822802948133965
146,1,706_cfm_online#set_id=4#sum_usernum_300#20190618_16Days_valid12D,0,0.26284853549604376
147,1,706_cfm_online#set_id=4#sum_usernum_300#20190618_16Days_valid12D,0,0.3107086283400329
148,1,706_cfm_online#set_id=4#sum_usernum_300#20190618_16Days_valid12D,0,0.19688108099756363
149,1,706_cfm_online#set_id=4#sum_usernum_300#20190618_16Days_valid12D,0,0.018338767060772414
150,1,706_cfm_online#set_id=4#sum_usernum_300#20190618_16Days_valid12D,0,0.0166469751994868
151,1,706_cfm_online#set_id=4#sum_usernum_300#20190618_16Days_valid12D,0,0.0166469751994868
152,1,706_cfm_online#set_id=4#sum_usernum_300#20190618_16Days_valid12D,0,0.2809140515720296
153,1,706_cfm_online#set_id=4#sum_usernum_300#20190618_16Days_valid12D,0,0.007788075489958701
154,1,706_cfm_online#set_id=4#sum_usernum_300#20190618_16Days_valid12D,0,0.007788075489958701
155,1,706_cfm_online#set_id=4#sum_usernum_300#20190623_16Days_valid16D,0,0.019831956731653583
156,1,706_cfm_online#set_id=4#sum_usernum_300#20190623_16Days_valid16D,0,0.019831956731653583
157,1,706_cfm_online#set_id=4#sum_usernum_300#20190623_16Days_valid16D,0,0.06532835213465774
158,1,706_cfm_online#set_id=4#sum_usernum_300#20190623_16Days_valid16D,0,0.013631794690286888
159,1,706_cfm_online#set_id=4#sum_usernum_300#20190623_16Days_valid16D,0,0.014389965367720315
160,1,706_cfm_online#set_id=4#sum_usernum_300#20190623_16Days_valid16D,0,0.4639777357876847
161,1,706_cfm_online#set_id=4#sum_usernum_300#20190623_16Days_valid16D,0,0.01579678378522374
162,0,706_cfm_online#set_id=4#sum_usernum_300#20190623_16Days_valid16D,1,0.8666759980211628
163,1,706_cfm_online#set_id=4#sum_usernum_300#20190623_16Days_valid16D,0,0.09740361170543002
164,1,706_cfm_online#set_id=4#sum_usernum_300#20190623_16Days_valid16D,0,0.1947874164320641
165,1,706_cfm_online#set_id=4#sum_usernum_300#20190624_16Days_valid14D,0,0.3839498721232522
166,1,706_cfm_online#set_id=4#sum_usernum_300#20190624_16Days_valid14D,0,0.4471043817809012
167,1,706_cfm_online#set_id=4#sum_usernum_300#20190624_16Days_valid14D,0,0.011692457434897543
168,1,706_cfm_online#set_id=4#sum_usernum_300#20190624_16Days_valid14D,0,0.008771600776819889
169,1,706_cfm_online#set_id=4#sum_usernum_300#20190624_16Days_valid14D,0,0.010591799340850005
170,0,706_cfm_online#set_id=4#sum_usernum_300#20190624_16Days_valid14D,1,0.8484247724188568
171,1,706_cfm_online#set_id=5#sum_usernum_300#20190616_16Days_valid14D,0,0.014202212700292144
172,1,706_cfm_online#set_id=5#sum_usernum_300#20190616_16Days_valid14D,0,0.009279495623256247
173,1,706_cfm_online#set_id=5#sum_usernum_300#20190616_16Days_valid14D,0,0.006817033694084887
174,1,706_cfm_online#set_id=5#sum_usernum_300#20190616_16Days_valid14D,0,0.008372466549440152
175,1,706_cfm_online#set_id=5#sum_usernum_300#20190616_16Days_valid14D,0,0.005362700017967096
176,1,706_cfm_online#set_id=5#sum_usernum_300#20190616_16Days_valid14D,0,0.10331272189308648
177,1,706_cfm_online#set_id=5#sum_usernum_300#20190616_16Days_valid14D,0,0.009895805452192988
178,1,706_cfm_online#set_id=5#sum_usernum_300#20190616_16Days_valid14D,0,0.003915060673960876
179,1,706_cfm_online#set_id=5#sum_usernum_300#20190616_16Days_valid14D,0,0.029566243679934295
180,1,706_cfm_online#set_id=5#sum_usernum_300#20190616_16Days_valid14D,0,0.11962188128365978
181,1,706_cfm_online#set_id=5#sum_usernum_300#20190623_16Days_valid12D,0,0.013903434546578294
182,1,706_cfm_online#set_id=5#sum_usernum_300#20190623_16Days_valid12D,0,0.013903434546578294
183,1,706_cfm_online#set_id=5#sum_usernum_300#20190623_16Days_valid12D,0,0.013903434546578294
184,1,706_cfm_online#set_id=5#sum_usernum_300#20190623_16Days_valid12D,0,0.4390714612094034
185,1,706_cfm_online#set_id=5#sum_usernum_300#20190623_16Days_valid12D,0,0.016819802686618073
186,1,706_cfm_online#set_id=5#sum_usernum_300#20190623_16Days_valid12D,0,0.008095664357190141
187,1,706_cfm_online#set_id=5#sum_usernum_300#20190623_16Days_valid14D,0,0.013903434546578294
188,1,706_cfm_online#set_id=5#sum_usernum_300#20190623_16Days_valid14D,0,0.013903434546578294
189,1,706_cfm_online#set_id=5#sum_usernum_300#20190623_16Days_valid14D,0,0.013903434546578294
190,1,706_cfm_online#set_id=5#sum_usernum_300#20190623_16Days_valid14D,0,0.4390714612094034
191,1,706_cfm_online#set_id=5#sum_usernum_300#20190623_16Days_valid14D,0,0.016819802686618073
192,1,706_cfm_online#set_id=5#sum_usernum_300#20190623_16Days_valid14D,0,0.008095664357190141
193,0,706_cfm_online#set_id=5#sum_usernum_300#20190623_16Days_valid14D,1,0.6976008885545929
194,1,706_cfm_online#set_id=5#sum_usernum_300#20190623_16Days_valid16D,0,0.013903434546578294
195,1,706_cfm_online#set_id=5#sum_usernum_300#20190623_16Days_valid16D,0,0.013903434546578294
196,1,706_cfm_online#set_id=5#sum_usernum_300#20190623_16Days_valid16D,0,0.013903434546578294
197,1,706_cfm_online#set_id=5#sum_usernum_300#20190623_16Days_valid16D,0,0.4390714612094034
198,1,706_cfm_online#set_id=5#sum_usernum_300#20190623_16Days_valid16D,0,0.016819802686618073
199,1,706_cfm_online#set_id=5#sum_usernum_300#20190623_16Days_valid16D,0,0.008095664357190141
200,0,706_cfm_online#set_id=5#sum_usernum_300#20190623_16Days_valid16D,1,0.6976008885545929
201,1,706_cfm_online#set_id=5#sum_usernum_300#20190623_16Days_valid16D,0,0.09375189172866938
202,1,706_cfm_online#set_id=5#sum_usernum_300#20190623_16Days_valid16D,0,0.17025596962618755
203,1,706_dnm_tmp_3ZFwT#sum_iUserNum_300#20190609_16Days_valid14D,0,0.01600109184315778
204,1,706_dnm_tmp_3ZFwT#sum_iUserNum_300#20190609_16Days_valid14D,0,0.01600109184315778
205,1,706_dnm_tmp_3ZFwT#sum_iUserNum_300#20190609_16Days_valid14D,0,0.0233051142456947
206,1,706_dnm_tmp_3ZFwT#sum_iUserNum_300#20190609_16Days_valid14D,0,0.013117956059686164
207,1,706_dnm_tmp_3ZFwT#sum_iUserNum_300#20190609_16Days_valid14D,0,0.013117956059686164
208,1,706_dnm_tmp_3ZFwT#sum_iUserNum_300#20190609_16Days_valid14D,0,0.022404243243189702
209,1,706_dnm_tmp_3ZFwT#sum_iUserNum_300#20190609_16Days_valid14D,0,0.02774474663951119
210,1,706_dnm_tmp_3ZFwT#sum_iUserNum_300#20190609_16Days_valid14D,0,0.005213007958852714
211,0,706_dnm_tmp_3ZFwT#sum_iUserNum_300#20190609_16Days_valid14D,1,0.5186299886525836
212,0,706_dnm_tmp_3ZFwT#sum_iUserNum_300#20190609_16Days_valid14D,1,0.7050651933450169
213,0,706_dnm_tmp_3ZFwT#sum_iUserNum_300#20190609_16Days_valid14D,1,0.7122413907178059
214,1,706_dnm_tmp_3ZFwT#sum_iUserNum_300#20190609_16Days_valid14D,0,0.008044391275827626
215,1,706_dnm_tmp_3ZFwT#sum_iUserNum_300#20190609_16Days_valid14D,0,0.46861526760435596
216,1,706_dnm_tmp_3ZFwT#sum_iUserNum_300#20190609_16Days_valid14D,0,0.007207558188026955
217,1,706_dnm_tmp_3ZFwT#sum_iUserNum_300#20190609_16Days_valid14D,0,0.006570063720849152
218,1,706_dnm_tmp_3ZFwT#sum_iUserNum_300#20190609_16Days_valid14D,0,0.0337681788308068
219,1,706_dnm_tmp_3ZFwT#sum_iUserNum_300#20190609_16Days_valid14D,0,0.02047570150810764
220,1,706_dnm_tmp_3ZFwT#sum_iUserNum_300#20190609_16Days_valid14D,0,0.01584642736959426
221,1,706_dnm_tmp_3ZFwT#sum_iUserNum_300#20190609_16Days_valid14D,0,0.01584642736959426
222,1,706_dnm_tmp_3ZFwT#sum_iUserNum_300#20190609_16Days_valid14D,0,0.49828038074363135
223,1,706_dnm_tmp_3ZFwT#sum_iUserNum_300#20190609_16Days_valid14D,0,0.4639777357876847
224,1,706_dnm_tmp_3ZFwT#sum_iUserNum_300#20190609_16Days_valid14D,0,0.49828038074363135
225,1,706_dnm_tmp_3ZFwT#sum_iUserNum_300#20190609_16Days_valid14D,0,0.020458326893051906
226,1,706_dnm_tmp_3ZFwT#sum_iUserNum_300#20190609_16Days_valid14D,0,0.007731390645877256
227,0,706_dnm_tmp_3ZFwT#sum_iUserNum_300#20190609_16Days_valid14D,1,0.8872836227252892
228,1,706_dnm_tmp_3ZFwT#sum_iUserNum_300#20190620_16Days_valid10D,0,0.21915772929280303
229,1,706_dnm_tmp_3ZFwT#sum_iUserNum_300#20190620_16Days_valid10D,0,0.016596667547530804
230,1,706_dnm_tmp_3ZFwT#sum_iUserNum_300#20190620_16Days_valid10D,0,0.3790382951420759
231,1,706_dnm_tmp_3ZFwT#sum_iUserNum_300#20190620_16Days_valid10D,0,0.0203427790031085
232,1,706_dnm_tmp_3ZFwT#sum_iUserNum_300#20190620_16Days_valid14D,0,0.21915772929280303
233,1,706_dnm_tmp_3ZFwT#sum_iUserNum_300#20190620_16Days_valid14D,0,0.016596667547530804
234,1,706_dnm_tmp_3ZFwT#sum_iUserNum_300#20190620_16Days_valid14D,0,0.3790382951420759
235,1,706_dnm_tmp_3ZFwT#sum_iUserNum_300#20190620_16Days_valid14D,0,0.0203427790031085
236,1,706_dnm_tmp_3ZFwT#sum_iUserNum_300#20190620_16Days_valid14D,0,0.012414068040496412
237,1,706_dnm_tmp_3ZFwT#sum_iUserNum_300#20190620_16Days_valid14D,0,0.01035325093486743
238,1,706_dnm_tmp_3ZFwT#sum_iUserNum_300#20190620_16Days_valid14D,0,0.004080436454192946
239,1,706_dnm_tmp_3ZFwT#sum_iUserNum_300#20190620_16Days_valid14D,0,0.004114103339824815
240,1,706_dnm_tmp_3ZFwT#sum_iUserNum_300#20190620_16Days_valid14D,0,0.007849167294419144
241,1,706_dnm_tmp_3ZFwT#sum_iUserNum_300#20190620_16Days_valid14D,0,0.004543767220149579
242,1,706_dnm_tmp_3ZFwT#sum_iUserNum_300#20190620_16Days_valid14D,0,0.004543767220149579
243,1,706_dnm_tmp_3ZFwT#sum_iUserNum_300#20190620_16Days_valid14D,0,0.11333052205312252
244,1,706_dnm_tmp_3ZFwT#sum_iUserNum_300#20190620_16Days_valid14D,0,0.016819802686618073
245,1,706_dnm_tmp_3ZFwT#sum_iUserNum_300#20190620_16Days_valid14D,0,0.03917184382305318
246,1,706_dnm_tmp_3ZFwT#sum_iUserNum_300#20190620_16Days_valid14D,0,0.04352580224072165
247,1,706_dnm_tmp_3ZFwT#sum_iUserNum_300#20190620_16Days_valid14D,0,0.0036157508581480466
248,1,706_dnm_tmp_3ZFwT#sum_iUserNum_300#20190620_16Days_valid14D,0,0.00437077447893413
249,1,706_dnm_tmp_3ZFwT#sum_iUserNum_300#20190620_16Days_valid14D,0,0.02217581285413838
250,1,706_dnm_tmp_3ZFwT#sum_iUserNum_300#20190620_16Days_valid14D,0,0.02217581285413838
251,0,706_dnm_tmp_3ZFwT#sum_iUserNum_300#20190620_16Days_valid14D,1,0.6665892069216866
252,1,706_dnm_tmp_3ZFwT#sum_iUserNum_300#20190620_16Days_valid16D,0,0.21915772929280303
253,1,706_dnm_tmp_3ZFwT#sum_iUserNum_300#20190620_16Days_valid16D,0,0.016596667547530804
254,1,706_dnm_tmp_3ZFwT#sum_iUserNum_300#20190620_16Days_valid16D,0,0.3790382951420759
255,1,706_dnm_tmp_3ZFwT#sum_iUserNum_300#20190620_16Days_valid16D,0,0.0203427790031085
256,1,706_dnm_tmp_3ZFwT#sum_iUserNum_300#20190620_16Days_valid16D,0,0.012414068040496412
257,1,706_dnm_tmp_3ZFwT#sum_iUserNum_300#20190620_16Days_valid16D,0,0.01035325093486743
258,1,706_dnm_tmp_3ZFwT#sum_iUserNum_300#20190620_16Days_valid16D,0,0.004080436454192946
259,1,706_dnm_tmp_3ZFwT#sum_iUserNum_300#20190620_16Days_valid16D,0,0.004114103339824815
260,1,706_dnm_tmp_3ZFwT#sum_iUserNum_300#20190620_16Days_valid16D,0,0.007849167294419144
261,1,706_dnm_tmp_3ZFwT#sum_iUserNum_300#20190620_16Days_valid16D,0,0.004543767220149579
262,1,706_dnm_tmp_3ZFwT#sum_iUserNum_300#20190620_16Days_valid16D,0,0.004543767220149579
263,1,706_dnm_tmp_3ZFwT#sum_iUserNum_300#20190620_16Days_valid16D,0,0.11333052205312252
264,1,706_dnm_tmp_3ZFwT#sum_iUserNum_300#20190620_16Days_valid16D,0,0.016819802686618073
265,1,706_dnm_tmp_3ZFwT#sum_iUserNum_300#20190620_16Days_valid16D,0,0.03917184382305318
266,1,706_dnm_tmp_3ZFwT#sum_iUserNum_300#20190620_16Days_valid16D,0,0.04352580224072165
267,1,706_dnm_tmp_3ZFwT#sum_iUserNum_300#20190620_16Days_valid16D,0,0.0036157508581480466
268,1,706_dnm_tmp_3ZFwT#sum_iUserNum_300#20190620_16Days_valid16D,0,0.00437077447893413
269,1,706_dnm_tmp_3ZFwT#sum_iUserNum_300#20190620_16Days_valid16D,0,0.02217581285413838
270,1,706_dnm_tmp_3ZFwT#sum_iUserNum_300#20190620_16Days_valid16D,0,0.02217581285413838
271,0,706_dnm_tmp_3ZFwT#sum_iUserNum_300#20190620_16Days_valid16D,1,0.6665892069216866
272,1,706_dnm_tmp_3ZFwT#sum_iUserNum_300#20190620_16Days_valid16D,0,0.001656569969675929
273,1,706_dnm_tmp_3ZFwT#sum_iUserNum_300#20190620_16Days_valid16D,0,0.002452588479006728
274,1,706_dnm_tmp_d0Dp4#sum_iUserNum_300#20190609_16Days_valid14D,0,0.01600109184315778
275,1,706_dnm_tmp_d0Dp4#sum_iUserNum_300#20190609_16Days_valid14D,0,0.01600109184315778
276,1,706_dnm_tmp_d0Dp4#sum_iUserNum_300#20190609_16Days_valid14D,0,0.0233051142456947
277,1,706_dnm_tmp_d0Dp4#sum_iUserNum_300#20190609_16Days_valid14D,0,0.013117956059686164
278,1,706_dnm_tmp_d0Dp4#sum_iUserNum_300#20190609_16Days_valid14D,0,0.013117956059686164
279,1,706_dnm_tmp_d0Dp4#sum_iUserNum_300#20190609_16Days_valid14D,0,0.024558483348563788
280,1,706_dnm_tmp_d0Dp4#sum_iUserNum_300#20190609_16Days_valid14D,0,0.021504763714702065
281,1,706_dnm_tmp_d0Dp4#sum_iUserNum_300#20190609_16Days_valid14D,0,0.006049041490081781
282,1,706_dnm_tmp_d0Dp4#sum_iUserNum_300#20190609_16Days_valid14D,0,0.006049041490081781
283,0,706_dnm_tmp_d0Dp4#sum_iUserNum_300#20190609_16Days_valid14D,1,0.5406478769493168
284,1,706_dnm_tmp_d0Dp4#sum_iUserNum_300#20190609_16Days_valid14D,0,0.00908201571644095
285,1,706_dnm_tmp_d0Dp4#sum_iUserNum_300#20190609_16Days_valid14D,0,0.03517416290146662
286,1,706_dnm_tmp_d0Dp4#sum_iUserNum_300#20190609_16Days_valid14D,0,0.0166469751994868
287,1,706_dnm_tmp_d0Dp4#sum_iUserNum_300#20190609_16Days_valid14D,0,0.01584642736959426
288,1,706_dnm_tmp_d0Dp4#sum_iUserNum_300#20190609_16Days_valid14D,0,0.01584642736959426
289,1,706_dnm_tmp_d0Dp4#sum_iUserNum_300#20190609_16Days_valid14D,0,0.49828038074363135
290,1,706_dnm_tmp_d0Dp4#sum_iUserNum_300#20190609_16Days_valid14D,0,0.4639777357876847
291,1,706_dnm_tmp_d0Dp4#sum_iUserNum_300#20190609_16Days_valid14D,0,0.4639777357876847
292,1,706_dnm_tmp_d0Dp4#sum_iUserNum_300#20190609_16Days_valid14D,0,0.020458326893051906
293,1,706_dnm_tmp_d0Dp4#sum_iUserNum_300#20190609_16Days_valid14D,0,0.00896766765411392
294,0,706_dnm_tmp_d0Dp4#sum_iUserNum_300#20190609_16Days_valid14D,1,0.9488309263334123
295,1,706_dnm_tmp_d0Dp4#sum_iUserNum_300#20190616_16Days_valid14D,0,0.022335580567607063
296,1,706_dnm_tmp_d0Dp4#sum_iUserNum_300#20190616_16Days_valid14D,0,0.019320049967411414
297,1,706_dnm_tmp_d0Dp4#sum_iUserNum_300#20190616_16Days_valid14D,0,0.013674674751512433
298,1,706_dnm_tmp_d0Dp4#sum_iUserNum_300#20190616_16Days_valid14D,0,0.011669979974336615
299,1,706_dnm_tmp_d0Dp4#sum_iUserNum_300#20190616_16Days_valid14D,0,0.011669979974336615
300,1,706_dnm_tmp_d0Dp4#sum_iUserNum_300#20190616_16Days_valid14D,0,0.03549608166549533
301,1,706_dnm_tmp_d0Dp4#sum_iUserNum_300#20190616_16Days_valid14D,0,0.0196574309656524
302,1,706_dnm_tmp_d0Dp4#sum_iUserNum_300#20190616_16Days_valid14D,0,0.0047128396344097555
303,1,706_dnm_tmp_d0Dp4#sum_iUserNum_300#20190616_16Days_valid14D,0,0.008358117473696388
304,1,706_dnm_tmp_d0Dp4#sum_iUserNum_300#20190616_16Days_valid14D,0,0.017288348449537794
305,1,706_dnm_tmp_d0Dp4#sum_iUserNum_300#20190616_16Days_valid14D,0,0.007173193417306995
306,1,706_dnm_tmp_d0Dp4#sum_iUserNum_300#20190616_16Days_valid14D,0,0.0168319880950549
307,1,706_dnm_tmp_d0Dp4#sum_iUserNum_300#20190616_16Days_valid14D,0,0.0168319880950549
308,1,706_dnm_tmp_d0Dp4#sum_iUserNum_300#20190616_16Days_valid14D,0,0.004365787679034018
309,1,706_dnm_tmp_d0Dp4#sum_iUserNum_300#20190616_16Days_valid14D,0,0.0166469751994868
310,1,706_dnm_tmp_d0Dp4#sum_iUserNum_300#20190616_16Days_valid14D,0,0.0166469751994868
311,1,706_dnm_tmp_d0Dp4#sum_iUserNum_300#20190616_16Days_valid14D,0,0.10761431510945298
312,1,706_dnm_tmp_d0Dp4#sum_iUserNum_300#20190616_16Days_valid14D,0,0.1457221229446197
313,1,706_dnm_tmp_d0Dp4#sum_iUserNum_300#20190624_16Days_valid12D,0,0.018535022793473386
314,1,706_dnm_tmp_d0Dp4#sum_iUserNum_300#20190624_16Days_valid12D,0,0.022335580567607063
315,1,706_dnm_tmp_d0Dp4#sum_iUserNum_300#20190624_16Days_valid12D,0,0.0974125139417781
316,1,706_dnm_tmp_d0Dp4#sum_iUserNum_300#20190624_16Days_valid12D,0,0.49160157410873123
317,1,706_dnm_tmp_d0Dp4#sum_iUserNum_300#20190624_16Days_valid12D,0,0.017142519683013606
318,1,706_dnm_tmp_d0Dp4#sum_iUserNum_300#20190624_16Days_valid12D,0,0.010965916002125096
319,1,706_dnm_tmp_d0Dp4#sum_iUserNum_300#20190624_16Days_valid12D,0,0.009826224314376804
320,1,706_dnm_tmp_d0Dp4#sum_iUserNum_300#20190624_16Days_valid12D,0,0.004050427031951067
321,1,706_dnm_tmp_d0Dp4#sum_iUserNum_300#20190624_16Days_valid12D,0,0.029113968193544462
322,1,706_dnm_tmp_d0Dp4#sum_iUserNum_300#20190624_16Days_valid12D,0,0.016903553290687864
323,1,706_dnm_tmp_d0Dp4#sum_iUserNum_300#20190624_16Days_valid14D,0,0.018535022793473386
324,1,706_dnm_tmp_d0Dp4#sum_iUserNum_300#20190624_16Days_valid14D,0,0.022335580567607063
325,1,706_dnm_tmp_d0Dp4#sum_iUserNum_300#20190624_16Days_valid14D,0,0.0974125139417781
326,1,706_dnm_tmp_d0Dp4#sum_iUserNum_300#20190624_16Days_valid14D,0,0.49160157410873123
327,1,706_dnm_tmp_d0Dp4#sum_iUserNum_300#20190624_16Days_valid14D,0,0.017142519683013606
328,1,706_dnm_tmp_d0Dp4#sum_iUserNum_300#20190624_16Days_valid14D,0,0.010965916002125096
329,1,706_dnm_tmp_d0Dp4#sum_iUserNum_300#20190624_16Days_valid14D,0,0.009826224314376804
330,1,706_dnm_tmp_d0Dp4#sum_iUserNum_300#20190624_16Days_valid14D,0,0.004050427031951067
331,1,706_dnm_tmp_d0Dp4#sum_iUserNum_300#20190624_16Days_valid14D,0,0.029113968193544462
332,1,706_dnm_tmp_d0Dp4#sum_iUserNum_300#20190624_16Days_valid14D,0,0.016903553290687864
333,1,706_dnm_tmp_d0Dp4#sum_iUserNum_300#20190624_16Days_valid14D,0,0.016507988963549255
334,1,706_dnm_tmp_d0Dp4#sum_iUserNum_300#20190624_16Days_valid14D,0,0.02631052401499079
335,1,706_dnm_tmp_d0Dp4#sum_iUserNum_300#20190624_16Days_valid14D,0,0.012414068040496412
336,1,706_dnm_tmp_d0Dp4#sum_iUserNum_300#20190624_16Days_valid14D,0,0.011184097013204938
337,0,706_dnm_tmp_d0Dp4#sum_iUserNum_300#20190624_16Days_valid14D,1,0.6759119795389638
338,1,706_dnm_tmp_d0Dp4#sum_iUserNum_300#20190624_16Days_valid14D,0,0.0031514570255195464
339,1,706_dnm_tmp_d0Dp4#sum_iUserNum_300#20190624_16Days_valid14D,0,0.0033982966837543716
340,1,706_dnm_tmp_fMjwu#sum_iUserNum_300#20190612_16Days_valid10D,0,0.4326003025163282
341,1,706_dnm_tmp_fMjwu#sum_iUserNum_300#20190612_16Days_valid10D,0,0.01594784596034519
342,1,706_dnm_tmp_fMjwu#sum_iUserNum_300#20190612_16Days_valid10D,0,0.006816831664202225
343,1,706_dnm_tmp_fMjwu#sum_iUserNum_300#20190612_16Days_valid10D,0,0.015752667280248496
344,1,706_dnm_tmp_fMjwu#sum_iUserNum_300#20190612_16Days_valid10D,0,0.0196701276391697
345,1,706_dnm_tmp_fMjwu#sum_iUserNum_300#20190612_16Days_valid10D,0,0.014780622358126785
346,1,706_dnm_tmp_fMjwu#sum_iUserNum_300#20190612_16Days_valid10D,0,0.009826224314376804
347,1,706_dnm_tmp_fMjwu#sum_iUserNum_300#20190612_16Days_valid10D,0,0.004050427031951067
348,1,706_dnm_tmp_fMjwu#sum_iUserNum_300#20190612_16Days_valid14D,0,0.4326003025163282
349,1,706_dnm_tmp_fMjwu#sum_iUserNum_300#20190612_16Days_valid14D,0,0.01594784596034519
350,1,706_dnm_tmp_fMjwu#sum_iUserNum_300#20190612_16Days_valid14D,0,0.006816831664202225
351,1,706_dnm_tmp_fMjwu#sum_iUserNum_300#20190612_16Days_valid14D,0,0.015752667280248496
352,1,706_dnm_tmp_fMjwu#sum_iUserNum_300#20190612_16Days_valid14D,0,0.0196701276391697
353,1,706_dnm_tmp_fMjwu#sum_iUserNum_300#20190612_16Days_valid14D,0,0.014780622358126785
354,1,706_dnm_tmp_fMjwu#sum_iUserNum_300#20190612_16Days_valid14D,0,0.009826224314376804
355,1,706_dnm_tmp_fMjwu#sum_iUserNum_300#20190612_16Days_valid14D,0,0.004050427031951067
356,1,706_dnm_tmp_fMjwu#sum_iUserNum_300#20190612_16Days_valid14D,0,0.49828038074363135
357,1,706_dnm_tmp_fMjwu#sum_iUserNum_300#20190612_16Days_valid14D,0,0.0037578311274085404
358,1,706_dnm_tmp_fMjwu#sum_iUserNum_300#20190612_16Days_valid14D,0,0.0037578311274085404
359,1,706_dnm_tmp_fMjwu#sum_iUserNum_300#20190612_16Days_valid14D,0,0.014758838844529614
360,1,706_dnm_tmp_fMjwu#sum_iUserNum_300#20190612_16Days_valid14D,0,0.004380406613497985
361,1,706_dnm_tmp_fMjwu#sum_iUserNum_300#20190612_16Days_valid14D,0,0.005652151704134923
362,1,706_dnm_tmp_fMjwu#sum_iUserNum_300#20190612_16Days_valid14D,0,0.006294304902120256
363,1,706_dnm_tmp_fMjwu#sum_iUserNum_300#20190612_16Days_valid14D,0,0.021427541420344413
364,1,706_dnm_tmp_fMjwu#sum_iUserNum_300#20190612_16Days_valid14D,0,0.02217581285413838
365,1,706_dnm_tmp_fMjwu#sum_iUserNum_300#20190612_16Days_valid14D,0,0.02217581285413838
366,1,706_dnm_tmp_fMjwu#sum_iUserNum_300#20190612_16Days_valid14D,0,0.00826741633095771
367,1,706_dnm_tmp_fMjwu#sum_iUserNum_300#20190612_16Days_valid14D,0,0.013853283363025631
368,1,706_dnm_tmp_fMjwu#sum_iUserNum_300#20190612_16Days_valid14D,0,0.015198103444521653
369,1,706_dnm_tmp_fMjwu#sum_iUserNum_300#20190612_16Days_valid14D,0,0.0019886441183660486
370,1,706_dnm_tmp_fMjwu#sum_iUserNum_300#20190612_16Days_valid14D,0,0.0022155056614680453
371,1,706_dnm_tmp_fMjwu#sum_iUserNum_300#20190612_16Days_valid14D,0,0.015200841037777238
372,1,706_dnm_tmp_fMjwu#sum_iUserNum_300#20190612_16Days_valid14D,0,0.3294651182231488
373,1,706_dnm_tmp_fMjwu#sum_iUserNum_300#20190612_16Days_valid14D,0,0.016305885554047415
374,1,706_dnm_tmp_fMjwu#sum_iUserNum_300#20190612_16Days_valid14D,0,0.003362569190529599
375,1,706_dnm_tmp_fMjwu#sum_iUserNum_300#20190612_16Days_valid14D,0,0.014922259605117474
376,1,706_dnm_tmp_fMjwu#sum_iUserNum_300#20190612_16Days_valid14D,0,0.0168319880950549
377,1,706_dnm_tmp_fMjwu#sum_iUserNum_300#20190612_16Days_valid14D,0,0.1576434472923497
378,1,706_dnm_tmp_fMjwu#sum_iUserNum_300#20190612_16Days_valid14D,0,0.20380461731269064
379,1,706_dnm_tmp_fMjwu#sum_iUserNum_300#20190620_16Days_valid12D,0,0.005836800194500057
380,1,706_dnm_tmp_fMjwu#sum_iUserNum_300#20190620_16Days_valid12D,0,0.004080436454192946
381,1,706_dnm_tmp_fMjwu#sum_iUserNum_300#20190620_16Days_valid12D,0,0.0064371717668690095
382,1,706_dnm_tmp_fMjwu#sum_iUserNum_300#20190620_16Days_valid12D,0,0.0064371717668690095
383,1,706_dnm_tmp_fMjwu#sum_iUserNum_300#20190620_16Days_valid12D,0,0.01841080306340519
384,1,706_dnm_tmp_fMjwu#sum_iUserNum_300#20190620_16Days_valid12D,0,0.0203427790031085
385,1,706_dnm_tmp_fMjwu#sum_iUserNum_300#20190620_16Days_valid12D,0,0.008470608072921968
386,1,706_dnm_tmp_fMjwu#sum_iUserNum_300#20190620_16Days_valid12D,0,0.008470608072921968
387,1,706_dnm_tmp_fMjwu#sum_iUserNum_300#20190620_16Days_valid12D,0,0.005351586700196067
388,1,706_dnm_tmp_fMjwu#sum_iUserNum_300#20190620_16Days_valid12D,0,0.005395684776805693
389,1,706_dnm_tmp_fMjwu#sum_iUserNum_300#20190620_16Days_valid12D,0,0.007849167294419144
390,1,706_dnm_tmp_fMjwu#sum_iUserNum_300#20190620_16Days_valid12D,0,0.005175041746379475
391,1,706_dnm_tmp_fMjwu#sum_iUserNum_300#20190620_16Days_valid12D,0,0.005175041746379475
392,1,706_dnm_tmp_fMjwu#sum_iUserNum_300#20190620_16Days_valid12D,0,0.03971260768124755
393,1,706_dnm_tmp_fMjwu#sum_iUserNum_300#20190620_16Days_valid12D,0,0.007299368594508015
394,1,706_dnm_tmp_fMjwu#sum_iUserNum_300#20190620_16Days_valid12D,0,0.021034045546167307
395,1,706_dnm_tmp_fMjwu#sum_iUserNum_300#20190620_16Days_valid12D,0,0.021034045546167307
396,1,706_dnm_tmp_fMjwu#sum_iUserNum_300#20190620_16Days_valid12D,0,0.0036157508581480466
397,1,706_dnm_tmp_fMjwu#sum_iUserNum_300#20190620_16Days_valid12D,0,0.0031149666688333327
398,1,706_dnm_tmp_fMjwu#sum_iUserNum_300#20190623_16Days_valid16D,0,0.018954030044735785
399,1,706_dnm_tmp_fMjwu#sum_iUserNum_300#20190623_16Days_valid16D,0,0.018954030044735785
400,1,706_dnm_tmp_fMjwu#sum_iUserNum_300#20190623_16Days_valid16D,0,0.09845443468138361
401,1,706_dnm_tmp_fMjwu#sum_iUserNum_300#20190623_16Days_valid16D,0,0.015305594132959779
402,1,706_dnm_tmp_fMjwu#sum_iUserNum_300#20190623_16Days_valid16D,0,0.015305594132959779
403,1,706_dnm_tmp_fMjwu#sum_iUserNum_300#20190623_16Days_valid16D,0,0.06259217486284144
404,1,706_dnm_tmp_fMjwu#sum_iUserNum_300#20190623_16Days_valid16D,0,0.27403034711389973
405,1,706_dnm_tmp_fMjwu#sum_iUserNum_300#20190623_16Days_valid16D,0,0.26247280334394046
406,1,706_dnm_tmp_fMjwu#sum_iUserNum_300#20190623_16Days_valid16D,0,0.021034045546167307
407,1,706_dnm_tmp_fMjwu#sum_iUserNum_300#20190623_16Days_valid16D,0,0.021034045546167307
408,1,706_dnm_tmp_fMjwu#sum_iUserNum_300#20190623_16Days_valid16D,0,0.006190559205948932
409,1,706_dnm_tmp_fMjwu#sum_iUserNum_300#20190623_16Days_valid16D,0,0.005122796747150124
410,1,706_dnm_tmp_fMjwu#sum_iUserNum_300#20190623_16Days_valid16D,0,0.010591799340850005
411,1,706_dnm_tmp_fMjwu#sum_iUserNum_300#20190623_16Days_valid16D,0,0.02660271111337108
412,1,706_dnm_tmp_fMjwu#sum_iUserNum_300#20190623_16Days_valid16D,0,0.007594027319218662
413,1,706_dnm_tmp_fMjwu#sum_iUserNum_300#20190623_16Days_valid16D,0,0.002902297865330413
414,1,706_dnm_tmp_fMjwu#sum_iUserNum_300#20190623_16Days_valid16D,0,0.023293511288182876
415,1,706_dnm_tmp_fMjwu#sum_iUserNum_300#20190623_16Days_valid16D,0,0.017346514912704242
416,1,706_dnm_tmp_fMjwu#sum_iUserNum_300#20190623_16Days_valid16D,0,0.22726024447661813
417,1,706_dnm_tmp_fMjwu#sum_iUserNum_300#20190623_16Days_valid16D,0,0.004963838247583723
418,1,706_dnm_tmp_fMjwu#sum_iUserNum_300#20190623_16Days_valid16D,0,0.004831208473243327
419,0,706_dnm_tmp_fMjwu#sum_iUserNum_300#20190623_16Days_valid16D,1,0.8648013223416575
420,1,706_dnm_tmp_fMjwu#sum_iUserNum_300#20190623_16Days_valid16D,0,0.0047736949003338355
421,1,706_dnm_tmp_fMjwu#sum_iUserNum_300#20190623_16Days_valid16D,0,0.4132682382890558
422,1,706_dnm_tmp_fMjwu#sum_iUserNum_300#20190623_16Days_valid16D,0,0.07799621024439149
423,1,706_dnm_tmp_fMjwu#sum_iUserNum_300#20190623_16Days_valid16D,0,0.07799621024439149
424,1,706_dnm_tmp_fMjwu#sum_iUserNum_300#20190623_16Days_valid16D,0,0.1941675214887042
425,1,706_dnm_tmp_fMjwu#sum_iUserNum_300#20190623_16Days_valid16D,0,0.1941675214887042
426,1,706_dnm_tmp_fMjwu#sum_iUserNum_300#20190623_16Days_valid16D,0,0.16409340051991306
427,1,706_dnm_tmp_fMjwu#sum_iUserNum_300#20190623_16Days_valid16D,0,0.2197047232436993
428,1,706_dnm_tmp_fMjwu#sum_iUserNum_300#20190623_16Days_valid16D,0,0.0019216867478321173
429,1,706_dnm_tmp_fMjwu#sum_iUserNum_300#20190623_16Days_valid16D,0,0.0020633283582301965
430,1,706_dnm_tmp_kb0LO#sum_iUserNum_300#20190529_16Days_valid10D,0,0.02217581285413838
431,1,706_dnm_tmp_kb0LO#sum_iUserNum_300#20190529_16Days_valid10D,0,0.02217581285413838
432,1,706_dnm_tmp_kb0LO#sum_iUserNum_300#20190529_16Days_valid10D,0,0.02217581285413838
433,1,706_dnm_tmp_kb0LO#sum_iUserNum_300#20190529_16Days_valid12D,0,0.02217581285413838
434,1,706_dnm_tmp_kb0LO#sum_iUserNum_300#20190529_16Days_valid12D,0,0.02217581285413838
435,1,706_dnm_tmp_kb0LO#sum_iUserNum_300#20190529_16Days_valid12D,0,0.02217581285413838
436,1,706_dnm_tmp_kb0LO#sum_iUserNum_300#20190529_16Days_valid12D,0,0.008108418430113663
437,1,706_dnm_tmp_kb0LO#sum_iUserNum_300#20190529_16Days_valid12D,0,0.004888163627658333
438,1,706_dnm_tmp_kb0LO#sum_iUserNum_300#20190529_16Days_valid12D,0,0.004888163627658333
439,1,706_dnm_tmp_kb0LO#sum_iUserNum_300#20190618_16Days_valid12D,0,0.26284853549604376
440,1,706_dnm_tmp_kb0LO#sum_iUserNum_300#20190618_16Days_valid12D,0,0.3107086283400329
441,1,706_dnm_tmp_kb0LO#sum_iUserNum_300#20190618_16Days_valid12D,0,0.19688108099756363
442,1,706_dnm_tmp_kb0LO#sum_iUserNum_300#20190618_16Days_valid12D,0,0.0166469751994868
443,1,706_dnm_tmp_kb0LO#sum_iUserNum_300#20190618_16Days_valid12D,0,0.015979934199711162
444,1,706_dnm_tmp_kb0LO#sum_iUserNum_300#20190618_16Days_valid12D,0,0.015979934199711162
445,1,706_dnm_tmp_kb0LO#sum_iUserNum_300#20190618_16Days_valid12D,0,0.005081962788834311
446,1,706_dnm_tmp_kb0LO#sum_iUserNum_300#20190618_16Days_valid12D,0,0.007788075489958701
447,1,706_dnm_tmp_kb0LO#sum_iUserNum_300#20190618_16Days_valid12D,0,0.007788075489958701
448,1,706_dnm_tmp_kb0LO#sum_iUserNum_300#20190624_16Days_valid16D,0,0.3372337576688439
449,1,706_dnm_tmp_kb0LO#sum_iUserNum_300#20190624_16Days_valid16D,0,0.022018310029845993
450,1,706_dnm_tmp_kb0LO#sum_iUserNum_300#20190624_16Days_valid16D,0,0.016561208575988327
451,1,706_dnm_tmp_kb0LO#sum_iUserNum_300#20190624_16Days_valid16D,0,0.016561208575988327
452,1,706_dnm_tmp_kb0LO#sum_iUserNum_300#20190624_16Days_valid16D,0,0.4663592731892015
453,1,706_dnm_tmp_kb0LO#sum_iUserNum_300#20190624_16Days_valid16D,0,0.037128949769538386
454,1,706_dnm_tmp_kb0LO#sum_iUserNum_300#20190624_16Days_valid16D,0,0.037128949769538386
455,1,706_dnm_tmp_nRw60#sum_iUserNum_300#20190529_16Days_valid10D,0,0.42352463011733293
456,1,706_dnm_tmp_nRw60#sum_iUserNum_300#20190529_16Days_valid10D,0,0.02217581285413838
457,1,706_dnm_tmp_nRw60#sum_iUserNum_300#20190529_16Days_valid10D,0,0.02217581285413838
458,1,706_dnm_tmp_nRw60#sum_iUserNum_300#20190529_16Days_valid10D,0,0.02217581285413838
459,1,706_dnm_tmp_nRw60#sum_iUserNum_300#20190529_16Days_valid12D,0,0.42352463011733293
460,1,706_dnm_tmp_nRw60#sum_iUserNum_300#20190529_16Days_valid12D,0,0.02217581285413838
461,1,706_dnm_tmp_nRw60#sum_iUserNum_300#20190529_16Days_valid12D,0,0.02217581285413838
462,1,706_dnm_tmp_nRw60#sum_iUserNum_300#20190529_16Days_valid12D,0,0.02217581285413838
463,1,706_dnm_tmp_nRw60#sum_iUserNum_300#20190529_16Days_valid12D,0,0.008108418430113663
464,1,706_dnm_tmp_nRw60#sum_iUserNum_300#20190529_16Days_valid12D,0,0.005672397474585131
465,1,706_dnm_tmp_nRw60#sum_iUserNum_300#20190529_16Days_valid12D,0,0.004888163627658333
466,1,706_dnm_tmp_nRw60#sum_iUserNum_300#20190623_16Days_valid14D,0,0.0298525525689805
467,1,706_dnm_tmp_nRw60#sum_iUserNum_300#20190623_16Days_valid14D,0,0.019831956731653583
468,1,706_dnm_tmp_nRw60#sum_iUserNum_300#20190623_16Days_valid14D,0,0.019831956731653583
469,1,706_dnm_tmp_nRw60#sum_iUserNum_300#20190623_16Days_valid14D,0,0.12786085721773952
470,1,706_dnm_tmp_nRw60#sum_iUserNum_300#20190623_16Days_valid14D,0,0.011866659741953882
471,1,706_dnm_tmp_nRw60#sum_iUserNum_300#20190623_16Days_valid14D,0,0.011866659741953882
472,1,706_dnm_tmp_nRw60#sum_iUserNum_300#20190623_16Days_valid14D,0,0.46861526760435596
473,1,706_dnm_tmp_nRw60#sum_iUserNum_300#20190623_16Days_valid14D,0,0.034725386556508954
474,1,706_dnm_tmp_nRw60#sum_iUserNum_300#20190623_16Days_valid14D,0,0.03135502076409097
475,1,706_dnm_tmp_nRw60#sum_iUserNum_300#20190623_16Days_valid14D,0,0.0036518842949220137
476,1,706_dnm_tmp_nRw60#sum_iUserNum_300#20190623_16Days_valid14D,0,0.0036518842949220137
477,0,706_dnm_tmp_nRw60#sum_iUserNum_300#20190623_16Days_valid14D,1,0.6667394896765392
478,1,706_dnm_tmp_nRw60#sum_iUserNum_300#20190624_16Days_valid14D,0,0.3372337576688439
479,1,706_dnm_tmp_nRw60#sum_iUserNum_300#20190624_16Days_valid14D,0,0.022018310029845993
480,1,706_dnm_tmp_nRw60#sum_iUserNum_300#20190624_16Days_valid14D,0,0.016561208575988327
481,1,706_dnm_tmp_nRw60#sum_iUserNum_300#20190624_16Days_valid14D,0,0.016561208575988327
482,1,706_dnm_tmp_nRw60#sum_iUserNum_300#20190624_16Days_valid14D,0,0.0036518842949220137
483,1,706_dnm_tmp_nRw60#sum_iUserNum_300#20190624_16Days_valid14D,0,0.0036518842949220137
484,1,706_dnm_tmp_nRw60#sum_iUserNum_300#20190624_16Days_valid14D,0,0.28600888262106605
485,1,706_dnm_tmp_nRw60#sum_iUserNum_300#20190624_16Days_valid14D,0,0.037128949769538386
486,1,706_dnm_tmp_nRw60#sum_iUserNum_300#20190624_16Days_valid14D,0,0.037128949769538386
487,0,706_dnm_tmp_nRw60#sum_iUserNum_300#20190624_16Days_valid14D,1,0.6667394896765392
488,1,706_dnm_tmp_nRw60#sum_iUserNum_300#20190624_16Days_valid16D,0,0.3372337576688439
489,1,706_dnm_tmp_nRw60#sum_iUserNum_300#20190624_16Days_valid16D,0,0.022018310029845993
490,1,706_dnm_tmp_nRw60#sum_iUserNum_300#20190624_16Days_valid16D,0,0.016561208575988327
491,1,706_dnm_tmp_nRw60#sum_iUserNum_300#20190624_16Days_valid16D,0,0.016561208575988327
492,1,706_dnm_tmp_nRw60#sum_iUserNum_300#20190624_16Days_valid16D,0,0.0036518842949220137
493,1,706_dnm_tmp_nRw60#sum_iUserNum_300#20190624_16Days_valid16D,0,0.0036518842949220137
494,1,706_dnm_tmp_nRw60#sum_iUserNum_300#20190624_16Days_valid16D,0,0.28600888262106605
495,1,706_dnm_tmp_nRw60#sum_iUserNum_300#20190624_16Days_valid16D,0,0.037128949769538386
496,1,706_dnm_tmp_nRw60#sum_iUserNum_300#20190624_16Days_valid16D,0,0.037128949769538386
497,0,706_dnm_tmp_nRw60#sum_iUserNum_300#20190624_16Days_valid16D,1,0.6667394896765392
